Code,BirthYear,Sex,Mum,BirthWt,AgeAtDeath,MaleLBS,FemaleLBS
ABS04,2004,1, IVO99,6.820000095,0,NA,0
ABS06,2006,1, IVO99,6.839999809,0,NA,0
ADZ80,1980,1, MOY74,4.979999809,0,NA,0
ADZ81,1981,1, MOY74,7.519999809,0,NA,0
ALB91,1991,1, FUL87,5.600000095,0,NA,0
ALB92,1992,2, FUL87,5.039999905,0,0,NA
ALB93,1993,1, FUL87,7.710000191,5,NA,3
ALB94,1994,1, FUL87,6.895,7,NA,3
ALB97,1997,2, FUL87,7.524999905,1,0,NA
ALD93,1993,2, SUR87,7.340000095,14,0,NA
ALD99,1999,2, SUR87,7.225000191,14,10,NA
ANK86,1986,2, KIL82,5.320000095,0,0,NA
ANK89,1989,1, KIL82,7.009999905,14,NA,9
ANK90,1990,1, KIL82,8.380000381,12,NA,5
ANK91,1991,1, KIL82,5.91,7,NA,5
ANK92,1992,1, KIL82,5.64,0,NA,0
ANM02,2002,1, BAC98,6.23,12,NA,6
ANM03,2003,1, BAC98,6.580000191,1,NA,0
APA04,2004,2, SEQ99,6.28,0,0,NA
APA05,2005,1, SEQ99,3.88,0,NA,0
APH90,1990,2, THO86,6.860000095,0,0,NA
APH95,1995,1, THO86,6.620000191,4,NA,1
APH99,1999,2, THO86,8.2,0,0,NA
APN87,1987,2, ASP78,5.974999809,1,0,NA
APN89,1989,1, ASP78,6.42,0,NA,0
AQU89,1989,2, COB80,8.12,1,0,NA
ARA06,2006,2, HED01,4.964999905,1,0,NA
ART00,2000,2, ARI96,7.14,11,10,NA
ART99,1999,2, ARI96,6.220000191,0,0,NA
ASP82,1982,2, TOR72,5.85,0,0,NA
ASP83,1983,2, TOR72,5.220000381,5,0,NA
AST90,1990,1, GAL85,6.359999905,11,NA,5
AST91,1991,2, GAL85,7.450000095,13,13,NA
AST93,1993,2, GAL85,6.039999905,0,0,NA
AST94,1994,1, GAL85,6.940000191,0,NA,0
AST95,1995,2, GAL85,5.440000191,9,2,NA
ATH85,1985,2, THO81,5.100000095,12,0,NA
ATH87,1987,1, THO81,6.360000191,15,NA,7
ATH94,1994,2, THO81,6.98,0,0,NA
AUR88,1988,2, CAN83,7.959999619,0,0,NA
AVO81,1981,1, UPT78,6.725000191,0,NA,0
AVO83,1983,2, UPT78,5.839999809,9,0,NA
AVO84,1984,2, UPT78,8.500000191,12,27,NA
AVO86,1986,2, UPT78,7.160000381,0,0,NA
AVO88,1988,1, UPT78,5.259999809,0,NA,0
AVO90,1990,1, UPT78,5.42,13,NA,9
AVO92,1992,2, UPT78,5.14,0,0,NA
BAC03,2003,2, PTN93,5.325000095,1,0,NA
BAC97,1997,2, PTN93,5.539999905,0,0,NA
BAC98,1998,1, PTN93,5.620000191,9,NA,5
BAC99,1999,2, PTN93,5.019999809,0,0,NA
BAR80,1980,1, UPR71,6.919999905,12,NA,9
BAR81,1981,2, UPR71,7.28,1,0,NA
BAR82,1982,2, UPR71,7.875000381,9,10,NA
BAR83,1983,1, UPR71,6.339999809,12,NA,6
BAR84,1984,1, UPR71,6.540000095,10,NA,6
BAR85,1985,2, UPR71,7.32,0,0,NA
BCL84,1984,1, BUC81,6.239999905,8,NA,3
BCL86,1986,2, BUC81,6.159999905,12,0,NA
BCL87,1987,1, BUC81,5.320000095,5,NA,1
BCL88,1988,1, BUC81,7.380000381,0,NA,0
BCL89,1989,1, BUC81,5.040000095,0,NA,0
BCL90,1990,2, BUC81,6.914999809,9,5,NA
BCL91,1991,2, BUC81,6.250000095,1,0,NA
BCL93,1993,1, BUC81,8.019999809,14,NA,11
BCL94,1994,1, BUC81,5.82,0,NA,0
BCL95,1995,1, BUC81,4.280000095,9,NA,3
BCL96,1996,1, BUC81,6.760000191,11,NA,5
BEA00,2000,1, MOO96,4.255000191,16,NA,8
BEA04,2004,1, MOO96,7.479999809,0,NA,0
BEE88,1988,2, PET85,6.580000191,0,0,NA
BEE89,1989,2, PET85,4.680000095,0,0,NA
BEE90,1990,1, PET85,6.419999905,2,NA,0
BEE91,1991,1, PET85,5.120000191,0,NA,0
BET80,1980,1, BLT68,7.380000381,0,NA,0
BIE00,2000,2, CFI94,4.220000191,0,0,NA
BIE01,2001,1, CFI94,5.91,12,NA,7
BIE02,2002,2, CFI94,6.06,1,0,NA
BIE03,2003,2, CFI94,6.28,0,0,NA
BIE04,2004,2, CFI94,5.580000191,0,0,NA
BIE06,2006,1, CFI94,5.860000095,2,NA,0
BIE97,1997,1, CFI94,4.149999905,13,NA,6
BIE99,1999,2, CFI94,4.940000191,0,0,NA
BIG80,1980,1, BIGHE,6.800000381,0,NA,0
BIL84,1984,1, WHO79,5.949999905,15,NA,9
BIS81,1981,1, CIN76,4.979999905,1,NA,0
BIS83,1983,1, CIN76,9.78,0,NA,0
BIS84,1984,2, CIN76,7.260000191,2,0,NA
BLC80,1980,2, BLO72,7.479999809,0,0,NA
BLC82,1982,2, BLO72,6.239999905,0,0,NA
BLO82,1982,1, BLOSS,5.180000095,0,NA,0
BNJ01,2001,1, FDL96,3.44,0,NA,0
BNN00,2000,1, OAT94,7.139999809,0,NA,0
BNN01,2001,1, OAT94,7.180000095,0,NA,0
BNN02,2002,2, OAT94,8.040000381,0,0,NA
BNN98,1998,1, OAT94,6.195000191,0,NA,0
BNN99,1999,1, OAT94,7.839999809,0,NA,0
BNX93,1993,1, FUL89,4.940000191,17,NA,7
BNX94,1994,1, FUL89,5.120000191,13,NA,8
BNX95,1995,1, FUL89,6.500000191,15,NA,5
BNX96,1996,2, FUL89,5.710000095,10,5,NA
BNX98,1998,2, FUL89,7.725000191,1,0,NA
BNX99,1999,2, FUL89,6.150000191,0,0,NA
BON83,1983,2, TBONE,6.379999619,13,2,NA
BOT81,1981,1, GL375,5.925,1,NA,0
BOT84,1984,2, GL375,5.200000191,1,0,NA
BOT85,1985,2, GL375,5.419999905,0,0,NA
BR280,1980,2, BRO70,4.41,0,0,NA
BR281,1981,2, BRO70,6.740000191,0,0,NA
BRA80,1980,1, ELG68,8.720000191,0,NA,0
BRC80,1980,2, BRA72,8.779999619,0,0,NA
BRF82,1982,2, FEE71,6.449999905,1,0,NA
BRG89,1989,1, MUR85,7.119999809,0,NA,0
BRG90,1990,2, MUR85,8.019999809,13,3,NA
BRG94,1994,1, MUR85,7.28,1,NA,0
BRG95,1995,2, MUR85,5.46,1,0,NA
BRG96,1996,2, MUR85,7.500000191,1,0,NA
BRG98,1998,2, MUR85,6.580000191,0,0,NA
BRS02,2002,1, SKI94,4.530000191,0,NA,0
BRY06,2006,2, HIR03,4.5,0,0,NA
BSY04,2004,1, MLN97,6.479999809,6,NA,2
BUC81,1981,1, BUL73,7.339999809,0,NA,11
BUC82,1982,1, BUL73,6.660000381,17,NA,12
BUC84,1984,1, BUL73,7.520000381,0,NA,0
BUC86,1986,1, BUL73,6.92,2,NA,0
BUC87,1987,2, BUL73,9.14,1,0,NA
BUC88,1988,2, BUL73,8,0,0,NA
BUM04,2004,2, NET99,8.839999809,0,0,NA
BUM06,2006,1, NET99,6.620000191,6,NA,2
BUT00,2000,1, BCL93,7.38,0,NA,0
BUT03,2003,1, BCL93,8.330000381,1,NA,0
BUT04,2004,2, BCL93,7.239999905,0,0,NA
BUT05,2005,2, BCL93,7.339999809,0,0,NA
BUT06,2006,1, BCL93,7.630000095,5,NA,2
BUT96,1996,1, BCL93,4.839999809,12,NA,8
BUT98,1998,1, BCL93,6.540000095,6,NA,1
CAF91,1991,1, MAX84,7.14,1,NA,0
CAF96,1996,1, MAX84,6.739999905,3,NA,1
CAL82,1982,1, CIN78,7.060000191,12,NA,6
CAL84,1984,1, CIN78,7.659999809,15,NA,9
CAL85,1985,1, CIN78,8.119999809,3,NA,1
CAL87,1987,1, CIN78,8.580000191,1,NA,0
CAN80,1980,1, WHI73,8.020000381,11,NA,5
CAN81,1981,2, WHI73,6.620000191,11,0,NA
CAN82,1982,1, WHI73,7.06,9,NA,3
CAN83,1983,1, WHI73,5.12,5,NA,1
CAN87,1987,1, WHI73,6.400000191,6,NA,2
CAP82,1982,2, SNI77,8.800000191,0,0,NA
CAP84,1984,1, SNI77,6.895,14,NA,8
CAP85,1985,1, SNI77,6.17,0,NA,0
CAY02,2002,2, CPS97,6.039999905,0,0,NA
CBL06,2006,1, GRA02,5.78,0,NA,0
CCL06,2006,1, STR00,3.399999809,0,NA,0
CCO91,1991,2, LAM83,5.720000191,1,0,NA
CED03,2003,1, SEQ95,6.710000191,1,NA,0
CEE98,1998,1, BUS92,6.755000191,0,NA,0
CEL01,2001,2, AST90,7.28,0,0,NA
CEL94,1994,2, AST90,7.639999809,0,0,NA
CEL95,1995,1, AST90,6.249999809,3,NA,1
CEL99,1999,2, AST90,8.180000191,0,0,NA
CER06,2006,1, PRC02,6.795000095,0,NA,0
CET06,2006,1, RUF02,4.650000191,0,NA,0
CFI88,1988,2, CFU82,5.009999905,0,0,NA
CFI89,1989,2, CFU82,4.239999905,0,0,NA
CFI91,1991,2, CFU82,6.080000191,0,0,NA
CFI92,1992,2, CFU82,3.455,0,0,NA
CFI94,1994,1, CFU82,6.040000095,14,NA,9
CFU80,1980,2, CMO77,6.549999809,0,0,NA
CFU82,1982,1, CMO77,6.449999905,12,NA,6
CFU87,1987,2, CMO77,7.839999809,10,0,NA
CFU89,1989,2, CMO77,6.500000191,1,0,NA
CGH00,2000,1, WHA87,7.540000095,10,NA,5
CGH91,1991,2, WHA87,6.210000191,1,0,NA
CGH93,1993,1, WHA87,5.609999809,0,NA,0
CGH94,1994,1, WHA87,5.040000095,16,NA,7
CGH95,1995,1, WHA87,5.710000191,13,NA,5
CGH99,1999,1, WHA87,5.659999809,0,NA,0
CHA92,1992,2, FID86,4.679999905,0,0,NA
CHD06,2006,2, BIE01,7.119999809,0,0,NA
CHF04,2004,2, WAG95,5.639999809,0,0,NA
CHP91,1991,2, BLC83,7,0,0,NA
CIN80,1980,2, BST73,7.940000191,1,0,NA
CLA82,1982,2, CLE77,6.14,0,0,NA
CLA83,1983,1, CLE77,5.64,0,NA,0
CLA85,1985,1, CLE77,7.96,13,NA,8
CLA87,1987,1, CLE77,7.909999809,5,NA,2
CLA89,1989,2, CLE77,5.600000095,0,0,NA
CLC80,1980,1, COL72,7.564999809,12,NA,6
CLC81,1981,1, COL72,6.665000191,0,NA,0
CLC82,1982,1, COL72,6.519999905,6,NA,3
CLC85,1985,1, COL72,7.455,1,NA,0
CLC87,1987,2, COL72,6.064999809,0,0,NA
CLE80,1980,2, CLEOP,5.549999809,0,0,NA
CLE81,1981,1, CLEOP,5.904999905,0,NA,0
CLL01,2001,2, VIO96,5.235000095,0,0,NA
CLL03,2003,2, VIO96,6.049999809,0,0,NA
CLL04,2004,2, VIO96,6.250000095,0,0,NA
CLM80,1980,2, CLE74,7.720000095,1,0,NA
CLM84,1984,2, CLE74,7.679999619,2,0,NA
CLM85,1985,2, CLE74,6.92,0,0,NA
CLO93,1993,1, HIC89,5.399999809,1,NA,0
CLO94,1994,1, HIC89,6.14,0,NA,0
CLO95,1995,2, HIC89,5.91,10,0,NA
CLT91,1991,1, CCO87,5.78,0,NA,0
CLT93,1993,2, CCO87,7.815000381,0,0,NA
CLT94,1994,2, CCO87,7.040000095,0,0,NA
CLT95,1995,2, CCO87,6.839999809,14,9,NA
CLT97,1997,1, CCO87,6.119999809,14,NA,9
CLT98,1998,2, CCO87,9.2,0,0,NA
CLW00,2000,2, STI94,6.440000381,16,22,NA
CLW04,2004,2, STI94,5.439999619,0,0,NA
CMR01,2001,1, CLT97,6.64,0,NA,0
CMR04,2004,2, CLT97,3.319999809,0,0,NA
CMT05,2005,1, MLN00,7.659999809,0,NA,0
CND04,2004,1, TIN98,7.395,11,NA,6
CNN04,2004,1, RUM01,3.889999905,0,NA,0
CNN06,2006,1, RUM01,5.530000191,1,NA,0
COB80,1980,1, COL74,5.940000191,16,NA,10
COO95,1995,1, ANK91,5.154999809,0,NA,0
COO96,1996,1, ANK91,5.054999905,0,NA,0
COO97,1997,2, ANK91,6.675000095,1,0,NA
COO98,1998,1, ANK91,5.755000191,1,NA,0
COU91,1991,1, CUC84,5.760000191,0,NA,0
COU94,1994,2, CUC84,4.220000095,0,0,NA
COU95,1995,1, CUC84,5.300000191,0,NA,0
COU96,1996,2, CUC84,4.860000191,0,0,NA
CPS99,1999,1, PEP93,6.46,0,NA,0
CPY06,2006,2, MOU03,5.239999905,1,0,NA
CRA80,1980,2, BIG76,7.340000095,0,0,NA
CRA81,1981,1, BIG76,7.959999619,4,NA,1
CRA82,1982,2, BIG76,6.810000095,1,0,NA
CRA83,1983,1, BIG76,6.659999809,0,NA,0
CRA84,1984,2, BIG76,8.440000191,1,0,NA
CRA85,1985,1, BIG76,7.039999905,0,NA,0
CRA86,1986,1, BIG76,4.120000191,1,NA,0
CRA87,1987,1, BIG76,7.024999905,0,NA,0
CRB90,1990,2, MOC84,7.120000191,2,0,NA
CRB91,1991,2, MOC84,6.440000191,0,0,NA
CRB95,1995,1, MOC84,5.554999905,15,NA,8
CRB97,1997,1, MOC84,6.979999809,8,NA,1
CRE80,1980,2, CLE76,6.040000095,12,12,NA
CRE82,1982,2, CLE76,6.919999905,0,0,NA
CRE84,1984,2, CLE76,7.260000191,5,0,NA
CRE85,1985,1, CLE76,6.440000191,0,NA,0
CRO88,1988,1, OCH85,8.84,0,NA,0
CRO90,1990,1, OCH85,7.64,8,NA,4
CRO92,1992,2, OCH85,7.725000191,0,0,NA
CRT81,1981,2, CROTT,7.299999905,0,0,NA
CSK01,2001,2, ANK89,6.739999905,0,0,NA
CSK03,2003,2, ANK89,6.88,0,0,NA
CSK93,1993,2, ANK89,6.620000191,14,24,NA
CSK94,1994,2, ANK89,6.339999809,0,0,NA
CSK95,1995,2, ANK89,5.820000095,13,9,NA
CSK97,1997,1, ANK89,6.259999809,1,NA,0
CSK98,1998,1, ANK89,7.560000381,6,NA,2
CSK99,1999,2, ANK89,7.019999809,8,0,NA
CUC84,1984,1, UMB80,8.06,12,NA,5
CUC85,1985,2, UMB80,8.119999809,0,0,NA
CUC87,1987,2, UMB80,7.399999809,9,0,NA
CUC90,1990,2, UMB80,7.300000381,2,0,NA
CUC91,1991,1, UMB80,7.32,15,NA,8
CUC93,1993,2, UMB80,5.600000095,0,0,NA
CUC94,1994,1, UMB80,7.360000191,0,NA,0
CUR80,1980,1, UPT74,8.719999619,0,NA,0
CUR83,1983,1, UPT74,7.479999809,3,NA,0
CUR85,1985,2, UPT74,7.080000191,9,7,NA
CWR84,1984,1, LIM80,6.540000095,1,NA,0
CWR87,1987,1, LIM80,5.799999619,0,NA,0
CWR88,1988,2, LIM80,7.720000191,0,0,NA
CWR90,1990,2, LIM80,7.44,0,0,NA
CWR91,1991,2, LIM80,8.560000381,0,0,NA
CWR92,1992,2, LIM80,5.225000191,0,0,NA
DAN86,1986,1, BUC82,4.299999905,0,NA,0
DAN90,1990,1, BUC82,8.32,14,NA,10
DAN91,1991,1, BUC82,7.339999809,0,NA,0
DAN92,1992,1, BUC82,6.030000191,0,NA,0
DAN93,1993,2, BUC82,7.06,0,0,NA
DAN94,1994,2, BUC82,6.7,0,0,NA
DAN97,1997,1, BUC82,5.379999905,0,NA,0
DAR82,1982,2, BLT73,6.049999809,0,0,NA
DEO05,2005,1, CED99,6.580000191,3,NA,1
DIC88,1988,1, HIC84,6.680000191,0,NA,0
DIC90,1990,2, HIC84,7.920000381,11,3,NA
DIC91,1991,2, HIC84,8.025000381,0,0,NA
DIC92,1992,2, HIC84,7.64,0,0,NA
DIC93,1993,1, HIC84,8.040000381,1,NA,0
DIC94,1994,1, HIC84,7.620000191,16,NA,10
DIC95,1995,1, HIC84,6.46,21,NA,14
DIC96,1996,1, HIC84,7.220000191,3,NA,1
DIC98,1998,1, HIC84,7.620000191,0,NA,0
DIC99,1999,2, HIC84,5.159999809,0,0,NA
DIL97,1997,2, FEN90,5.460000095,0,0,NA
DIT91,1991,2, PIB83,7.660000381,1,0,NA
DIT92,1992,2, PIB83,6.310000095,0,0,NA
DOC00,2000,1, HIC88,7.220000095,1,NA,0
DOC01,2001,2, HIC88,8.510000381,0,0,NA
DOC03,2003,2, HIC88,8.210000191,0,0,NA
DOC92,1992,2, HIC88,7.339999809,0,0,NA
DOC93,1993,2, HIC88,8.46,1,0,NA
DOC94,1994,1, HIC88,9.010000381,14,NA,9
DOC95,1995,2, HIC88,7.575000191,12,10,NA
DOC96,1996,1, HIC88,7.639999809,16,NA,8
DOC97,1997,1, HIC88,8.940000191,4,NA,1
DOC98,1998,1, HIC88,8.824999619,0,NA,0
DOC99,1999,2, HIC88,8.354999619,0,0,NA
DOO90,1990,1, NON86,5.054999905,0,NA,0
DOR80,1980,2, YTA72,8.580000191,1,0,NA
DOT02,2002,1, LPW93,6.720000191,11,NA,4
DOT04,2004,2, LPW93,6.979999905,0,0,NA
DOT97,1997,2, LPW93,5.540000095,1,0,NA
DRP03,2003,1, SAX99,5.839999809,0,NA,0
DTN06,2006,2, TRT00,7.540000095,0,0,NA
DUB06,2006,2, STI02,4.619999809,0,0,NA
DUN87,1987,2, WHA83,6.479999809,0,0,NA
DUN89,1989,2, WHA83,6.32,12,2,NA
DUN91,1991,1, WHA83,8.14,1,NA,0
DUN93,1993,1, WHA83,8.019999809,0,NA,0
DUN94,1994,1, WHA83,6.41,0,NA,0
EBO87,1987,1, PET83,3.739999905,0,NA,0
EBO88,1988,2, PET83,6.399999809,1,0,NA
EBO90,1990,1, PET83,6.479999809,13,NA,7
EBO92,1992,1, PET83,5.78,0,NA,0
EGR90,1990,2, IBI84,7.530000191,0,0,NA
EGR91,1991,1, IBI84,8.78,13,NA,7
EGR93,1993,2, IBI84,7.710000381,12,7,NA
EGR94,1994,2, IBI84,4.039999809,0,0,NA
EID01,2001,2, MAL93,7.98,8,12,NA
EID05,2005,1, MAL93,6.519999905,1,NA,0
EID97,1997,1, MAL93,7.080000191,1,NA,0
EIF81,1981,1, COT78,5.579999809,11,NA,5
EOL86,1986,1, CAN80,7.880000381,6,NA,2
EOL88,1988,1, CAN80,6.820000095,0,NA,0
EOL91,1991,2, CAN80,7.28,0,0,NA
EQU92,1992,1, INI87,6.96,0,NA,0
ESP05,2005,1, LTE02,7.009999905,0,NA,0
FAG81,1981,1, CHE73,6.040000095,0,NA,0
FAN83,1983,1, COL80,4.600000095,0,NA,0
FAN85,1985,2, COL80,6.739999905,14,5,NA
FAN86,1986,1, COL80,4.28,0,NA,0
FAN87,1987,2, COL80,5.28,1,0,NA
FAN88,1988,1, COL80,3.895,11,NA,6
FAN90,1990,1, COL80,6.810000095,17,NA,14
FAN92,1992,2, COL80,5.739999905,0,0,NA
FAN93,1993,1, COL80,6.600000095,12,NA,6
FAN94,1994,1, COL80,3.280000095,0,NA,0
FAN95,1995,2, COL80,3.494999905,0,0,NA
FAN96,1996,1, COL80,3.299999952,0,NA,0
FDL00,2000,1, VIO89,4.220000191,14,NA,8
FDL03,2003,1, VIO89,6.549999809,13,NA,5
FDL93,1993,1, VIO89,4.630000095,1,NA,0
FDL96,1996,1, VIO89,5.899999809,7,NA,2
FDL99,1999,1, VIO89,5.12,16,NA,9
FEA85,1985,2, PLO82,4.680000191,0,0,NA
FEA88,1988,1, PLO82,6.42,0,NA,0
FEA89,1989,1, PLO82,6.080000191,0,NA,0
FEA91,1991,1, PLO82,4.82,0,NA,0
FEA94,1994,1, PLO82,5.720000191,8,NA,2
FEA95,1995,1, PLO82,5.64,7,NA,3
FEA96,1996,2, PLO82,6.800000191,0,0,NA
FEA97,1997,1, PLO82,6.28,1,NA,0
FEA98,1998,2, PLO82,3.92,0,0,NA
FEN90,1990,1, RED82,6.040000095,12,NA,7
FEN92,1992,2, RED82,6.599999619,0,0,NA
FID82,1982,1, VER78,6.109999809,0,NA,0
FID83,1983,1, VER78,5.839999809,0,NA,0
FID84,1984,2, VER78,6.109999809,1,0,NA
FID85,1985,2, VER78,7.840000095,0,0,NA
FID86,1986,1, VER78,5.28,6,NA,1
FID87,1987,2, VER78,6.94,0,0,NA
FID88,1988,2, VER78,6.340000095,0,0,NA
FID89,1989,1, VER78,4.705000095,0,NA,0
FID90,1990,1, VER78,5.240000191,0,NA,0
FIE87,1987,1, SIE82,5.879999905,1,NA,0
FIE92,1992,2, SIE82,6.360000191,0,0,NA
FIJ98,1998,1, ALD95,5.14,0,NA,0
FIR81,1981,2, BUL70,6.620000191,0,0,NA
FIS85,1985,2, CRA81,5.94,0,0,NA
FLA91,1991,2, UPT79,6.87,1,0,NA
FLA93,1993,2, UPT79,6.42,14,2,NA
FLG00,2000,2, ANK90,6.2,14,26,NA
FLG95,1995,2, ANK90,7.099999905,0,0,NA
FLG97,1997,1, ANK90,6.739999619,3,NA,0
FLG98,1998,1, ANK90,6.740000191,15,NA,8
FLY82,1982,1, LTF74,5.119999809,0,NA,0
FMR04,2004,1, HOL00,6.195000191,0,NA,0
FNY01,2001,1, FOP97,3.519999905,0,NA,0
FOL80,1980,1, MOD72,6.624999809,0,NA,0
FOL81,1981,2, MOD72,7.955,8,0,NA
FOL83,1983,1, MOD72,6.28,1,NA,0
FOL84,1984,2, MOD72,7.399999809,12,10,NA
FOL86,1986,2, MOD72,6.554999905,0,0,NA
FOL88,1988,2, MOD72,7.419999905,0,0,NA
FOP94,1994,2, DAN90,5.88,0,0,NA
FOP97,1997,1, DAN90,5.899999809,5,NA,1
FOP98,1998,2, DAN90,6.619999809,0,0,NA
FOP99,1999,1, DAN90,6.7,0,NA,0
FOU01,2001,1, SUL90,4.839999809,0,NA,0
FOU03,2003,1, SUL90,4.239999905,0,NA,0
FOU99,1999,2, SUL90,5.479999905,0,0,NA
FRA00,2000,1, PEN90,7.240000191,0,NA,0
FRA01,2001,2, PEN90,7.940000191,0,0,NA
FRA03,2003,1, PEN90,8.220000191,0,NA,0
FRA04,2004,1, PEN90,6.92,0,NA,0
FRA95,1995,2, PEN90,6.639999809,6,0,NA
FRA96,1996,2, PEN90,8.079999809,10,10,NA
FRA98,1998,2, PEN90,8.809999619,11,1,NA
FRO89,1989,2, BIL84,5.925,0,0,NA
FRO91,1991,2, BIL84,6.14,0,0,NA
FRO93,1993,1, BIL84,6.740000191,4,NA,1
FRO98,1998,1, BIL84,6.120000191,0,NA,0
FRT99,1999,2, BUT96,3.219999905,0,0,NA
FUL85,1985,1, MAW79,6.46,7,NA,3
FUL86,1986,1, MAW79,5.440000191,15,NA,8
FUL87,1987,1, MAW79,6.739999905,10,NA,6
FUL89,1989,1, MAW79,7.120000191,10,NA,7
FUL90,1990,2, MAW79,6.874999905,8,4,NA
FUL91,1991,2, MAW79,5.460000095,0,0,NA
FUL93,1993,1, MAW79,5.440000191,15,NA,7
GAL81,1981,1, POL77,5.759999809,0,NA,0
GAL83,1983,1, POL77,5.620000191,2,NA,0
GAL85,1985,1, POL77,6.739999619,12,NA,7
GAL86,1986,1, POL77,4.64,0,NA,0
GAL87,1987,2, POL77,7.659999809,4,0,NA
GAL89,1989,1, POL77,7.280000095,12,NA,5
GAL90,1990,2, POL77,6.5,0,0,NA
GAN00,2000,2, SUL94,6.150000191,1,0,NA
GAN01,2001,1, SUL94,4.32,0,NA,0
GAN03,2003,1, SUL94,6.640000191,0,NA,0
GAN04,2004,2, SUL94,5.710000191,0,0,NA
GAN05,2005,2, SUL94,7.120000191,1,0,NA
GAN06,2006,1, SUL94,5.220000095,0,NA,0
GAN99,1999,2, SUL94,3.64,0,0,NA
GEM84,1984,2, POL79,5.810000095,0,0,NA
GEM85,1985,2, POL79,5.479999809,0,0,NA
GEM88,1988,2, POL79,6.28,0,0,NA
GEM90,1990,1, POL79,6.239999905,0,NA,0
GEM91,1991,2, POL79,5.91,0,0,NA
GEN03,2003,1, SAX98,7.48,0,NA,0
GIN89,1989,2, JUN85,5.479999809,3,0,NA
GIN91,1991,2, JUN85,8.979999809,0,0,NA
GIN92,1992,1, JUN85,5.78,0,NA,0
GIN93,1993,1, JUN85,5.540000095,14,NA,7
GIN94,1994,2, JUN85,6.695000191,0,0,NA
GIN95,1995,2, JUN85,6.120000191,2,0,NA
GL380,1980,1, GLA69,7.599999619,1,NA,0
GNB04,2004,2, SLO01,6.38,0,0,NA
GOB02,2002,1, CSK98,4.725000191,0,NA,0
GOD00,2000,1, AVO90,5.124999809,0,NA,0
GOD02,2002,1, AVO90,5.620000191,0,NA,0
GOD03,2003,2, AVO90,5.810000095,0,0,NA
GOD94,1994,1, AVO90,6.379999905,16,NA,12
GOD96,1996,2, AVO90,7.119999809,4,0,NA
GOD97,1997,1, AVO90,6.260000191,17,NA,11
GOD98,1998,1, AVO90,6.200000191,0,NA,0
GOD99,1999,2, AVO90,6.35,0,0,NA
GRA00,2000,2, FAN90,5.35,1,0,NA
GRA01,2001,1, FAN90,5.979999809,0,NA,0
GRA02,2002,1, FAN90,5.32,7,NA,3
GRA03,2003,2, FAN90,7.009999905,1,0,NA
GRA04,2004,2, FAN90,5.374999905,0,0,NA
GRA93,1993,1, FAN90,5.450000095,14,NA,8
GRA94,1994,2, FAN90,6.2,0,0,NA
GRA95,1995,1, FAN90,5.425,4,NA,1
GRA96,1996,1, FAN90,6.059999905,8,NA,2
GRA97,1997,2, FAN90,5.979999809,0,0,NA
GRA98,1998,1, FAN90,7.42,15,NA,6
GRA99,1999,1, FAN90,5.564999809,9,NA,3
GRC81,1981,2, GRE72,8.039999619,0,0,NA
GRC84,1984,2, GRE72,5.720000191,1,0,NA
GRC85,1985,2, GRE72,5.239999905,0,0,NA
HAL90,1990,1, TUR83,7.624999809,20,NA,9
HAL92,1992,1, TUR83,7.479999809,0,NA,0
HAL93,1993,1, TUR83,7.065,0,NA,0
HAL99,1999,2, TUR83,5.159999809,0,0,NA
HAR80,1980,2, MOY76,7.14,0,0,NA
HAR81,1981,2, MOY76,6.979999809,1,0,NA
HAR82,1982,1, MOY76,7.080000191,12,NA,7
HAR84,1984,2, MOY76,7.000000191,0,0,NA
HAR85,1985,2, MOY76,6.630000095,0,0,NA
HED04,2004,2, IVY97,6.639999809,0,0,NA
HED06,2006,1, IVY97,6.239999905,1,NA,0
HEL00,2000,1, ORC95,6.039999905,1,NA,0
HEL01,2001,2, ORC95,4.540000095,0,0,NA
HEL03,2003,1, ORC95,8.809999619,0,NA,0
HIA01,2001,1, PID97,3.810000095,0,NA,0
HIA03,2003,2, PID97,6.355000095,1,0,NA
HIA04,2004,1, PID97,3.754999952,0,NA,0
HIA06,2006,2, PID97,5.139999809,1,0,NA
HIC80,1980,2, BLT75,8.534999809,1,0,NA
HIC81,1981,2, BLT75,7.965000381,0,0,NA
HIC82,1982,2, BLT75,7.275,0,0,NA
HIC83,1983,1, BLT75,7.14,0,NA,0
HIC84,1984,1, BLT75,7.675000095,15,NA,11
HIC85,1985,1, BLT75,7.509999905,0,NA,0
HIC88,1988,1, BLT75,8.440000191,15,NA,12
HIC89,1989,1, BLT75,5.725000191,8,NA,5
HIC90,1990,1, BLT75,7.479999905,0,NA,0
HIC91,1991,2, BLT75,4.94,0,0,NA
HIC92,1992,1, BLT75,5.14,0,NA,0
HIR01,2001,2, FUL93,6.940000191,0,0,NA
HIR03,2003,1, FUL93,6.839999809,12,NA,9
HIR98,1998,2, FUL93,6.64,0,0,NA
HOC01,2001,2, HOL97,5.14,0,0,NA
HOC03,2003,1, HOL97,6.839999809,0,NA,0
HOC04,2004,1, HOL97,6.739999905,0,NA,0
HOL00,2000,1, ILE86,6.900000191,9,NA,4
HOL04,2004,1, ILE86,7.580000191,0,NA,0
HOL91,1991,2, ILE86,6.530000191,0,0,NA
HOL93,1993,1, ILE86,7.240000191,0,NA,0
HOL94,1994,1, ILE86,6.04,12,NA,4
HON00,2000,1, SUN93,8.055000381,8,NA,3
HON99,1999,1, SUN93,8.150000191,0,NA,0
HRM00,2000,1, INI86,4.120000191,0,NA,0
HRM90,1990,2, INI86,6.940000191,11,9,NA
HRM91,1991,1, INI86,6.32,1,NA,0
HRM92,1992,1, INI86,5.569999905,0,NA,0
HRM94,1994,1, INI86,6.300000191,0,NA,0
HRM95,1995,1, INI86,6.739999619,9,NA,2
HRM96,1996,2, INI86,6.580000191,0,0,NA
HRM97,1997,2, INI86,7.14,1,0,NA
HRM98,1998,1, INI86,6.455,0,NA,0
HRM99,1999,1, INI86,6.220000095,8,NA,3
IBI84,1984,1, UPT77,5.620000191,13,NA,7
ILE84,1984,1, CHE80,6.710000191,1,NA,0
ILE89,1989,2, CHE80,8.740000381,0,0,NA
INI83,1983,2, VER79,6.739999905,0,0,NA
INI85,1985,2, VER79,6.92,14,23,NA
INI86,1986,1, VER79,7.479999809,14,NA,11
INI87,1987,1, VER79,6.580000191,5,NA,1
INI88,1988,1, VER79,6.440000191,0,NA,0
INI90,1990,2, VER79,6.710000191,0,0,NA
INI91,1991,1, VER79,5.280000095,0,NA,0
INI92,1992,1, VER79,5.91,0,NA,0
IVO01,2001,2, EBO90,6.35,0,0,NA
IVO03,2003,2, EBO90,7.620000191,1,0,NA
IVO94,1994,2, EBO90,5.464999905,0,0,NA
IVO96,1996,2, EBO90,7.239999905,9,0,NA
IVO97,1997,1, EBO90,3.160000095,1,NA,0
IVO98,1998,1, EBO90,6.699999809,0,NA,0
IVO99,1999,1, EBO90,6.659999809,15,NA,6
IVY03,2003,2, ILE87,7.06,1,0,NA
IVY91,1991,1, ILE87,5.239999905,0,NA,0
IVY92,1992,2, ILE87,5.559999905,0,0,NA
IVY95,1995,1, ILE87,5.099999809,4,NA,1
IVY97,1997,1, ILE87,5.839999809,17,NA,7
IVY98,1998,1, ILE87,5.180000095,0,NA,0
IVY99,1999,2, ILE87,7.76,0,0,NA
JAE00,2000,2, BNX95,4.650000191,1,0,NA
JAE03,2003,2, BNX95,7.040000095,6,1,NA
JAY01,2001,1, CGH95,5.160000095,0,NA,0
JAY03,2003,2, CGH95,7.440000191,1,0,NA
JEE94,1994,1, HAL90,5.360000095,0,NA,0
JEE99,1999,2, HAL90,6.180000095,0,0,NA
JES88,1988,1, JAN84,5.940000191,0,NA,0
JUG83,1983,2, BRF79,7.275,0,0,NA
JUG85,1985,2, BRF79,7.91,13,13,NA
JUG87,1987,1, BRF79,7.940000191,11,NA,5
JUG90,1990,2, BRF79,8.32,13,4,NA
JUG92,1992,2, BRF79,7.119999809,0,0,NA
KIL80,1980,1, BUL71,6.895,0,NA,0
KIL81,1981,2, BUL71,6.64,0,0,NA
KIL82,1982,1, BUL71,5.92,10,NA,6
KIL83,1983,1, BUL71,6.119999809,0,NA,0
KIL84,1984,2, BUL71,5.320000095,0,0,NA
KIL85,1985,2, BUL71,5.64,0,0,NA
KIT90,1990,1, TER85,4.024999905,1,NA,0
KIT91,1991,2, TER85,5.124999809,0,0,NA
KIT92,1992,1, TER85,4.64,0,NA,0
KIT95,1995,1, TER85,5.075000191,18,NA,10
KIT96,1996,2, TER85,4.739999905,13,0,NA
KIW81,1981,1, BLO75,4.619999809,0,NA,0
KIW91,1991,1, BLO75,4.519999809,0,NA,0
KIW92,1992,2, BLO75,4.519999905,0,0,NA
KLD00,2000,2, BNX94,7.64,1,0,NA
KLD01,2001,1, BNX94,7.079999809,1,NA,0
KLD03,2003,1, BNX94,7.980000381,1,NA,0
KLD05,2005,1, BNX94,7.73,7,NA,3
KLD99,1999,2, BNX94,8.084999619,0,0,NA
KNO90,1990,2, TRK87,5.259999809,0,0,NA
KNO91,1991,1, TRK87,5.580000381,0,NA,0
KRB04,2004,2, ALD01,4.839999809,0,0,NA
KRM05,2005,1, TIK01,5.509999905,0,NA,0
LAC00,2000,1, BCL95,5.440000191,1,NA,0
LAC04,2004,1, BCL95,7.41,0,NA,0
LAM81,1981,1, CMO78,7.080000191,0,NA,0
LAM83,1983,1, CMO78,6.899999809,14,NA,8
LAM84,1984,2, CMO78,7.259999809,2,0,NA
LAM87,1987,2, CMO78,6.760000191,1,0,NA
LAM90,1990,2, CMO78,7.314999905,0,0,NA
LAR01,2001,2, KIT95,5.2,0,0,NA
LAR02,2002,2, KIT95,4.444999809,0,0,NA
LAR03,2003,1, KIT95,4.940000191,0,NA,0
LAR04,2004,2, KIT95,4.800000191,0,0,NA
LAR06,2006,2, KIT95,4.509999905,0,0,NA
LAR99,1999,2, KIT95,3.379999905,0,0,NA
LEN81,1981,2, MOY73,8.039999619,1,0,NA
LEN83,1983,2, MOY73,7.660000381,9,16,NA
LEN85,1985,1, MOY73,8.455,0,NA,0
LIL00,2000,1, THU96,5.425,1,NA,0
LIL04,2004,1, THU96,6.119999809,1,NA,0
LIM82,1982,1, POL73,5.379999905,0,NA,0
LIT81,1981,1, LITLH,6.109999809,0,NA,0
LIZ82,1982,2, LTF77,5.339999809,0,0,NA
LIZ83,1983,2, LTF77,5.899999809,0,0,NA
LMS00,2000,1, GOD94,6.92,14,NA,6
LMS04,2004,1, GOD94,7.024999905,0,NA,0
LMS06,2006,1, GOD94,7.14,9,NA,3
LMS97,1997,1, GOD94,6.360000191,16,NA,11
LMS98,1998,1, GOD94,6.680000095,0,NA,0
LMS99,1999,2, GOD94,7.940000191,0,0,NA
LNC04,2004,1, SAX00,5.239999905,0,NA,0
LOB82,1982,2, TOR78,4.799999905,0,0,NA
LOB84,1984,2, TOR78,5.740000191,0,0,NA
LOB85,1985,1, TOR78,6.64,0,NA,0
LOB86,1986,1, TOR78,5.220000191,13,NA,6
LOB88,1988,1, TOR78,5.440000191,0,NA,0
LOB89,1989,1, TOR78,3.940000191,0,NA,0
LPA06,2006,1, LMS97,6.580000191,0,NA,0
LPW00,2000,1, FEA87,3.820000095,0,NA,0
LPW91,1991,1, FEA87,4.659999905,16,NA,11
LPW93,1993,1, FEA87,5.64,11,NA,4
LPW94,1994,1, FEA87,5.639999809,0,NA,0
LPW97,1997,1, FEA87,5.439999619,1,NA,0
LPW98,1998,1, FEA87,5.680000095,0,NA,0
LPW99,1999,2, FEA87,4.940000191,0,0,NA
LUZ88,1988,1, DOR78,7.4,0,NA,0
MAC81,1981,2, YHO74,8.720000191,10,2,NA
MAD87,1987,1, BOT79,6.000000191,1,NA,0
MAD91,1991,1, BOT79,7.124999809,1,NA,0
MAL91,1991,2, SME84,6.260000191,0,0,NA
MAL93,1993,1, SME84,6.749999809,16,NA,6
MAL95,1995,2, SME84,5.680000095,9,3,NA
MAL98,1998,1, SME84,4.895,0,NA,0
MAN80,1980,1, MOM72,7.540000095,0,NA,0
MAN83,1983,1, MOM72,4.220000191,0,NA,0
MAN85,1985,2, MOM72,6.710000191,0,0,NA
MAS92,1992,1, TUR85,6.739999905,0,NA,0
MAS94,1994,1, TUR85,6.765000095,0,NA,0
MAS97,1997,2, TUR85,8.010000381,0,0,NA
MAT96,1996,1, MAR89,4.710000191,0,NA,0
MAT98,1998,1, MAR89,5.619999809,0,NA,0
MAW81,1981,2, MOD74,6.425,0,0,NA
MAW83,1983,1, MOD74,6.619999809,16,NA,9
MAW85,1985,2, MOD74,5.840000095,0,0,NA
MAX82,1982,2, COL78,5.609999809,0,0,NA
MAX84,1984,1, COL78,6.41,14,NA,6
MAX85,1985,2, COL78,6.049999809,0,0,NA
MDL01,2001,2, FAN93,6.414999809,0,0,NA
MDL03,2003,2, FAN93,5.680000191,1,0,NA
MDL04,2004,2, FAN93,5.220000191,0,0,NA
MDL97,1997,2, FAN93,4.960000095,0,0,NA
MDL98,1998,1, FAN93,4.78,0,NA,0
MDL99,1999,1, FAN93,5.979999905,0,NA,0
MDR02,2002,1, TIK98,6.64,0,NA,0
MEA88,1988,1, BAR84,5.14,0,NA,0
MEA89,1989,1, BAR84,5.680000191,0,NA,0
MEA90,1990,2, BAR84,6.630000095,0,0,NA
MEA91,1991,2, BAR84,6.26,0,0,NA
MEA92,1992,2, BAR84,6.109999809,0,0,NA
MEA94,1994,2, BAR84,7.875000381,0,0,NA
MEE03,2003,1, YEW99,6.580000191,13,NA,7
MEG00,2000,1, MAR95,3.940000191,7,NA,3
MEG02,2002,1, MAR95,5.5,0,NA,0
MEG04,2004,2, MAR95,7.540000095,0,0,NA
MEG98,1998,1, MAR95,6.7,0,NA,0
MEG99,1999,2, MAR95,5.080000191,0,0,NA
MEL83,1983,2, YHO71,6.440000191,12,0,NA
MEL88,1988,1, YHO71,3.94,0,NA,0
MGH05,2005,1, MEG00,5.080000191,0,NA,0
MLD04,2004,1, HRM99,5.310000095,4,NA,1
MLD06,2006,2, HRM99,6.255000191,2,0,NA
MLN04,2004,1, BEE93,6.56,0,NA,0
MLN98,1998,2, BEE93,8.580000191,0,0,NA
MLR91,1991,2, JUG87,6.5,0,0,NA
MLR96,1996,1, JUG87,7.059999905,18,NA,12
MND99,1999,2, FDL94,3.500000191,14,0,NA
MNS01,2001,2, STR96,5.7,0,0,NA
MNX87,1987,2, FUL83,6.119999809,0,0,NA
MNX88,1988,2, FUL83,6.839999809,0,0,NA
MOL83,1983,2, MOM65,4.539999905,0,0,NA
MOO86,1986,2, MOY82,5.740000191,12,1,NA
MOO91,1991,2, MOY82,6.379999905,1,0,NA
MOO95,1995,1, MOY82,5.854999809,1,NA,0
MOP80,1980,2, MOM68,5.94,0,0,NA
MOS82,1982,2, CRT74,7.33,0,0,NA
MOS83,1983,1, CRT74,4.98,9,NA,4
MOS85,1985,1, CRT74,6.685,0,NA,0
MOU02,2002,2, DIC94,7.425,7,15,NA
MOU05,2005,2, DIC94,8.825,8,11,NA
MOU06,2006,2, DIC94,7.74,2,0,NA
MOY81,1981,1, UPR68,5.11,0,NA,0
MOY82,1982,1, UPR68,5.66,14,NA,8
MRG03,2003,1, THS98,5.98,11,NA,4
MRG06,2006,1, THS98,5.91,0,NA,0
MRN01,2001,2, ALB94,6.72,0,0,NA
MRN98,1998,1, ALB94,5.04,1,NA,0
MRN99,1999,2, ALB94,5.48,0,0,NA
MRY02,2002,2, MAR93,7.76,11,4,NA
MRY04,2004,1, MAR93,7.48,0,NA,0
MRY05,2005,2, MAR93,6.12,0,0,NA
MRY06,2006,2, MAR93,3.88,0,0,NA
MRY97,1997,1, MAR93,5.66,1,NA,0
MRY98,1998,1, MAR93,5.68,0,NA,0
MRY99,1999,2, MAR93,6.295,0,0,NA
MST99,1999,2, IVY95,5.825,0,0,NA
MTT04,2004,2, TNG99,7.44,0,0,NA
MUF99,1999,1, DIC96,5.94,0,NA,0
MUR85,1985,1, COL79,5.5,13,NA,7
MUR88,1988,2, COL79,7.34,0,0,NA
MUS85,1985,1, RED74,7.72,16,NA,8
MUS87,1987,2, RED74,6.14,14,0,NA
MUS89,1989,2, RED74,8.88,12,0,NA
NEB01,2001,1, STA97,4.22,0,NA,0
NEB03,2003,2, STA97,6.64,1,0,NA
NEB04,2004,2, STA97,5.795,0,0,NA
NEB06,2006,2, STA97,5.265,1,0,NA
NEC02,2002,2, SPL98,5.32,8,0,NA
NEP97,1997,2, IND92,5.74,0,0,NA
NET01,2001,1, DOC94,7.58,0,NA,0
NET04,2004,2, DOC94,7.595,0,0,NA
NET06,2006,1, DOC94,4.24,0,NA,0
NET98,1998,1, DOC94,8.08,0,NA,0
NET99,1999,1, DOC94,7.81,10,NA,5
NIV01,2001,2, SAX97,6.82,0,0,NA
NON80,1980,2, NOB76,4.84,0,0,NA
NON83,1983,2, NOB76,3.94,0,0,NA
NON84,1984,2, NOB76,5.1,1,0,NA
NON85,1985,2, NOB76,3.54,0,0,NA
NON86,1986,1, NOB76,4.4,4,NA,1
NON87,1987,2, NOB76,4.7,0,0,NA
OAT87,1987,1, BAR83,7.255,5,NA,1
OAT89,1989,2, BAR83,7.775,10,8,NA
OAT90,1990,1, BAR83,8.755,8,NA,4
OAT92,1992,2, BAR83,8.12,0,0,NA
OAT94,1994,1, BAR83,7.06,10,NA,7
OCC85,1985,1, CLC80,8.08,6,NA,2
OCH83,1983,2, SAF80,6.42,13,16,NA
OCH85,1985,1, SAF80,7.61,7,NA,3
OCH87,1987,1, SAF80,7.06,5,NA,2
OCH90,1990,1, SAF80,7.31,15,NA,9
OCH94,1994,1, SAF80,3.9,0,NA,0
OCH98,1998,2, SAF80,8.26,12,0,NA
OPA01,2001,1, STO96,8.28,0,NA,0
OPA03,2003,1, STO96,7.6,4,NA,1
OPA04,2004,1, STO96,6.73,0,NA,0
OPA06,2006,1, STO96,7.82,0,NA,0
ORC95,1995,1, CRO90,7.12,13,NA,5
ORC97,1997,1, CRO90,7.44,4,NA,1
ORC98,1998,2, CRO90,8.62,1,0,NA
ORP92,1992,1, CLA87,5.21,7,NA,3
OTA80,1980,1, OTAGG,6.695,16,NA,9
OTA81,1981,2, OTAGG,7.49,1,0,NA
OXA01,2001,1, SRL91,8.18,0,NA,0
OXA05,2005,1, SRL91,7.52,0,NA,0
OXA95,1995,1, SRL91,6.32,6,NA,3
OXL83,1983,2, PRI79,6.54,0,0,NA
OXL90,1990,2, PRI79,6.7,0,0,NA
OXY00,2000,2, DOC96,4.94,0,0,NA
OXY05,2005,1, DOC96,7.58,11,NA,5
PAN00,2000,1, PID95,5.11,13,NA,7
PAN01,2001,1, PID95,4.62,0,NA,0
PAN02,2002,1, PID95,5.52,0,NA,0
PAN03,2003,2, PID95,6.94,1,0,NA
PAN04,2004,1, PID95,6.04,0,NA,0
PAP87,1987,1, CAL82,7.84,16,NA,8
PAP88,1988,2, CAL82,6.44,0,0,NA
PAP91,1991,2, CAL82,7.2,1,0,NA
PAP94,1994,2, CAL82,8.48,12,1,NA
PCO03,2003,1, VIO97,7.11,0,NA,0
PCO04,2004,2, VIO97,6.91,0,0,NA
PEC90,1990,2, SCO76,6.68,10,2,NA
PEC92,1992,1, SCO76,5.98,0,NA,0
PEL87,1987,2, MOS83,6.12,0,0,NA
PEL89,1989,2, MOS83,6.28,10,0,NA
PEL91,1991,1, MOS83,6.36,0,NA,0
PEL92,1992,2, MOS83,7.825,0,0,NA
PEN84,1984,2, BAR80,6.08,1,0,NA
PEN85,1985,2, BAR80,7.27,0,0,NA
PEN86,1986,2, BAR80,6.14,1,0,NA
PEN87,1987,1, BAR80,7.85,2,NA,0
PEN88,1988,2, BAR80,7.2,0,0,NA
PEN90,1990,1, BAR80,7.225,14,NA,8
PEN91,1991,2, BAR80,6.88,0,0,NA
PEN92,1992,1, BAR80,5.655,0,NA,0
PEP88,1988,2, MUS81,6.68,6,0,NA
PEP94,1994,2, MUS81,5.06,0,0,NA
PEP99,1999,2, MUS81,4.74,0,0,NA
PET83,1983,1, FAG79,6.46,9,NA,4
PET85,1985,1, FAG79,7.64,11,NA,7
PET87,1987,1, FAG79,6.64,17,NA,9
PGB85,1985,1, SOB68,7.12,0,NA,0
PHL95,1995,1, PID89,3.9,0,NA,0
PHL96,1996,1, PID89,6.64,4,NA,1
PHL98,1998,2, PID89,6.98,0,0,NA
PHO80,1980,2, FEE75,6.9,0,0,NA
PIC90,1990,2, MUS85,7.32,9,1,NA
PID89,1989,1, LIM85,6.68,9,NA,5
PID91,1991,1, LIM85,5.68,1,NA,0
PID92,1992,1, LIM85,3.9,0,NA,0
PID95,1995,1, LIM85,5.64,14,NA,9
PID97,1997,1, LIM85,6.25,14,NA,9
PID99,1999,1, LIM85,5.21,1,NA,0
PIL99,1999,2, HER93,9.56,0,0,NA
PIN80,1980,1, TAL70,6.125,0,NA,0
PIN83,1983,1, TAL70,4.22,0,NA,0
PLO82,1982,1, TRN74,6.455,18,NA,14
PLO84,1984,2, TRN74,6.44,6,0,NA
PLO86,1986,2, TRN74,5.25,0,0,NA
PLO88,1988,1, TRN74,4.94,0,NA,0
PMP04,2004,2, MNT99,7.065,0,0,NA
PNT98,1998,2, MOO94,6.955,0,0,NA
POL81,1981,1, POLLU,5.28,0,NA,0
POL84,1984,2, POLLU,7.66,1,0,NA
POM03,2003,2, BNX93,7.64,0,0,NA
POM04,2004,1, BNX93,5.525,0,NA,0
POM97,1997,1, BNX93,6.58,16,NA,11
POM99,1999,2, BNX93,6.14,0,0,NA
POR92,1992,1, OAT87,7.62,0,NA,0
PPK94,1994,1, PEP90,6.19,1,NA,0
PRA89,1989,1, TER84,7.14,1,NA,0
PRA91,1991,1, TER84,7.975,4,NA,0
PRC05,2005,2, TRT98,6.85,0,0,NA
PRI81,1981,1, PGB74,7.88,0,NA,0
PRK83,1983,2, OTA78,6.9,11,2,NA
PRN01,2001,2, OXA95,7.32,6,2,NA
PRS93,1993,2, ATH89,6.16,14,0,NA
PRT96,1996,1, ORP92,5.78,1,NA,0
PRT99,1999,2, ORP92,6.64,0,0,NA
PTL00,2000,2, MNX89,4.595,1,0,NA
PTL02,2002,2, MNX89,4.46,1,0,NA
PTL93,1993,2, MNX89,4.78,8,0,NA
PTL94,1994,1, MNX89,4.41,0,NA,0
PTL95,1995,2, MNX89,4.475,1,0,NA
PTL96,1996,1, MNX89,5.44,0,NA,0
PTL97,1997,1, MNX89,5.5,1,NA,0
PTL98,1998,1, MNX89,4.65,0,NA,0
PTN87,1987,1, LIM83,4.8,0,NA,0
PTN89,1989,2, LIM83,5.54,0,0,NA
PTN90,1990,2, LIM83,4.74,0,0,NA
PTN92,1992,1, LIM83,5.24,0,NA,0
PTN93,1993,1, LIM83,4.98,10,NA,4
PUF01,2001,2, POM97,4.24,0,0,NA
PUF03,2003,1, POM97,6.02,0,NA,0
PUF04,2004,1, POM97,4.31,0,NA,0
PUF05,2005,2, POM97,3.53,0,0,NA
QUA81,1981,2, BR274,3.98,0,0,NA
QUA83,1983,1, BR274,3.725,0,NA,0
QUA87,1987,2, BR274,5.21,1,0,NA
QUI82,1982,2, MEL77,5.28,0,0,NA
QUN92,1992,2, CAF89,5.42,0,0,NA
QUN96,1996,1, CAF89,7.02,0,NA,0
QUN99,1999,1, CAF89,7.295,0,NA,0
RAN81,1981,1, YTA75,7.535,0,NA,0
RAN82,1982,2, YTA75,7.22,0,0,NA
RAP03,2003,1, THU94,7.98,9,NA,2
RAP06,2006,1, THU94,7.08,10,NA,5
RAP97,1997,1, THU94,6.68,6,NA,1
RAP98,1998,2, THU94,7.44,1,0,NA
RBY02,2002,1, STO98,7.095,14,NA,7
RED81,1981,2, REDYE,7.82,10,5,NA
RED82,1982,1, REDYE,5.04,10,NA,5
RGR81,1981,2, RGRHI,4.6,0,0,NA
RHY82,1982,2, MOS78,7.34,12,16,NA
RHY84,1984,2, MOS78,7.35,8,1,NA
RHY86,1986,1, MOS78,8.12,13,NA,6
RHY88,1988,1, MOS78,7.64,7,NA,4
RHY92,1992,1, MOS78,7.64,0,NA,0
RIB00,2000,2, BCL96,7.02,0,0,NA
RIB03,2003,1, BCL96,7.11,1,NA,0
RMX01,2001,2, DOC97,6.56,0,0,NA
ROM98,1998,2, TIN95,3.84,1,0,NA
RPP03,2003,1, RUF00,6.05,6,NA,4
RPP05,2005,1, RUF00,7.54,0,NA,0
RUB05,2005,2, GRA98,6.66,3,0,NA
RUB06,2006,1, GRA98,5.68,0,NA,0
RUF00,2000,1, GOD97,4.14,13,NA,9
RUF03,2003,2, GOD97,6.765,0,0,NA
RUF04,2004,1, GOD97,4.78,0,NA,0
RUF05,2005,1, GOD97,5.18,0,NA,0
RUM99,1999,1, STI96,3.5,0,NA,0
SAF80,1980,1, CRT76,5.68,18,NA,9
SAF82,1982,2, CRT76,6.855,10,9,NA
SAF83,1983,2, CRT76,3.75,0,0,NA
SAF84,1984,2, CRT76,6.34,3,0,NA
SAF85,1985,2, CRT76,7.02,13,8,NA
SAF90,1990,2, CRT76,7.31,0,0,NA
SAF92,1992,2, CRT76,6.995,0,0,NA
SAG03,2003,2, SEM95,8.11,1,0,NA
SAG04,2004,1, SEM95,6.74,0,NA,0
SAG06,2006,1, SEM95,6.98,0,NA,0
SAG99,1999,2, SEM95,6.4,0,0,NA
SAM88,1988,1, CAL84,6.58,0,NA,0
SAM91,1991,2, CAL84,6.75,0,0,NA
SAM92,1992,2, CAL84,7.14,0,0,NA
SAP06,2006,2, RBY02,6.18,0,0,NA
SAT87,1987,2, CLM82,6.68,1,0,NA
SCA91,1991,2, LOB86,4.52,0,0,NA
SCA93,1993,2, LOB86,6.38,0,0,NA
SCA95,1995,2, LOB86,7.56,1,0,NA
SCA98,1998,1, LOB86,6.96,0,NA,0
SCI85,1985,2, BLO80,7.32,0,0,NA
SCI87,1987,2, BLO80,8.44,13,25,NA
SCO83,1983,1, SCOLL,5.12,6,NA,2
SCR99,1999,2, GRA93,5.84,0,0,NA
SEE93,1993,1, SES89,4.81,2,NA,0
SEM90,1990,2, WHE84,6.06,2,0,NA
SEM91,1991,1, WHE84,6.84,0,NA,0
SEM92,1992,2, WHE84,7.32,0,0,NA
SEM95,1995,1, WHE84,6.62,18,NA,9
SEQ01,2001,1, SYC91,6.24,15,NA,12
SEQ96,1996,1, SYC91,6.44,14,NA,6
SEQ97,1997,2, SYC91,7.08,0,0,NA
SEQ99,1999,1, SYC91,6.76,14,NA,7
SER01,2001,1, HRM95,6.065,0,NA,0
SER99,1999,2, HRM95,5.84,0,0,NA
SES87,1987,2, HAR82,5.38,1,0,NA
SES88,1988,2, HAR82,5.66,0,0,NA
SES89,1989,1, HAR82,4.66,7,NA,3
SES92,1992,2, HAR82,5.26,0,0,NA
SES94,1994,2, HAR82,7.275,0,0,NA
SHA92,1992,1, BCL87,6.56,0,NA,0
SHI99,1999,2, GRA95,5.995,0,0,NA
SHL01,2001,1, GRA96,3.95,1,NA,0
SHL04,2004,1, GRA96,6.02,0,NA,0
SIE82,1982,1, MEL75,5.72,10,NA,3
SIG06,2006,2, RPP03,4.16,0,0,NA
SIS91,1991,2, SIC78,6.995,0,0,NA
SKI94,1994,1, OAT90,5.84,8,NA,3
SKI97,1997,2, OAT90,5.94,1,0,NA
SKU01,2001,1, FUL86,3.52,0,NA,0
SKU91,1991,1, FUL86,5.28,0,NA,0
SKU93,1993,2, FUL86,5.76,2,0,NA
SKU94,1994,1, FUL86,6.06,0,NA,0
SKU95,1995,2, FUL86,6.48,1,0,NA
SKU97,1997,2, FUL86,6.82,13,3,NA
SKU99,1999,1, FUL86,4.42,0,NA,0
SLL04,2004,1, PAN00,4.75,0,NA,0
SLO00,2000,1, GIN93,5.21,0,NA,0
SLO01,2001,1, GIN93,6.41,12,NA,6
SLO98,1998,2, GIN93,6.64,1,0,NA
SLO99,1999,2, GIN93,5.48,0,0,NA
SLR03,2003,1, FLG98,5.84,0,NA,0
SLR05,2005,2, FLG98,4.88,0,0,NA
SLR06,2006,1, FLG98,4.68,0,NA,0
SME84,1984,1, TEA78,3.895,15,NA,6
SME87,1987,1, TEA78,4.58,1,NA,0
SME90,1990,2, TEA78,6.54,0,0,NA
SNI81,1981,1, GRE73,7.14,0,NA,0
SOL88,1988,1, THO84,6.74,0,NA,0
SOL92,1992,2, THO84,8.9,0,0,NA
SPI97,1997,1, HAL94,6.48,3,NA,0
SPI99,1999,1, HAL94,7.265,0,NA,0
SQU00,2000,2, EGR91,8.12,0,0,NA
SRL91,1991,1, OCH87,6.76,16,NA,9
SRL92,1992,2, OCH87,7.17,0,0,NA
SSK04,2004,1, CHF01,5.41,0,NA,0
SSK06,2006,1, CHF01,5.98,9,NA,5
STA00,2000,2, GAL89,7.36,0,0,NA
STA94,1994,1, GAL89,6.42,0,NA,0
STA95,1995,2, GAL89,4.48,0,0,NA
STA97,1997,1, GAL89,6.24,12,NA,7
STI02,2002,1, AVO89,7.62,14,NA,10
STI93,1993,2, AVO89,6.9,0,0,NA
STI95,1995,2, AVO89,5.86,7,0,NA
STI96,1996,1, AVO89,7.04,17,NA,10
STI98,1998,2, AVO89,6.22,1,0,NA
STO01,2001,1, WHA89,7.18,0,NA,0
STO93,1993,1, WHA89,6.6,0,NA,0
STO94,1994,1, WHA89,5.76,0,NA,0
STO96,1996,1, WHA89,8.78,15,NA,9
STO98,1998,1, WHA89,6.575,17,NA,8
STR00,2000,1, MNX90,6.44,8,NA,2
STR03,2003,1, MNX90,8.18,1,NA,0
STR96,1996,1, MNX90,7.94,16,NA,5
SUL84,1984,1, TER80,4.28,0,NA,0
SUL88,1988,1, TER80,7.12,0,NA,0
SUL90,1990,1, TER80,7.21,18,NA,10
SUL91,1991,1, TER80,6.19,0,NA,0
SUL92,1992,2, TER80,6.94,0,0,NA
SUL94,1994,1, TER80,6.44,12,NA,9
SUL96,1996,1, TER80,8.22,3,NA,0
SUN89,1989,2, RHY86,7.12,0,0,NA
SUN93,1993,1, RHY86,8.625,15,NA,7
SUN94,1994,2, RHY86,8.325,1,0,NA
SUR86,1986,2, THO82,7.54,13,3,NA
SUR87,1987,1, THO82,6.76,19,NA,10
SUR92,1992,2, THO82,8.155,0,0,NA
SUR94,1994,2, THO82,9.32,5,0,NA
SUT98,1998,2, TWE93,4.78,0,0,NA
SWA02,2002,2, SWI88,5.03,1,0,NA
SWA98,1998,2, SWI88,7.46,9,2,NA
SWI89,1989,1, TER83,4.82,2,NA,0
SWI91,1991,2, TER83,6.74,0,0,NA
SWI92,1992,2, TER83,5.18,0,0,NA
SYC00,2000,2, PET87,6.1,15,15,NA
SYC02,2002,2, PET87,5.84,13,15,NA
SYC91,1991,1, PET87,3.78,16,NA,9
SYC93,1993,1, PET87,5.52,0,NA,0
SYC94,1994,2, PET87,5.625,9,0,NA
SYC98,1998,2, PET87,6.44,1,0,NA
TAA98,1998,2, ALB93,7.72,0,0,NA
TAM92,1992,2, RHY88,6.515,0,0,NA
TAM95,1995,1, RHY88,7.31,0,NA,0
TEA80,1980,2, TAL71,7.44,11,2,NA
TEA82,1982,2, TAL71,5.78,0,0,NA
TER80,1980,1, TRN72,6.28,16,NA,11
THO80,1980,1, YTA74,6.86,4,NA,2
THO81,1981,1, YTA74,8.58,13,NA,5
THO82,1982,1, YTA74,8,17,NA,9
THO86,1986,1, YTA74,7.64,14,NA,10
THO87,1987,1, YTA74,6.935,1,NA,0
THO89,1989,1, YTA74,6.68,0,NA,0
THS91,1991,2, PAP87,6.48,0,0,NA
THS92,1992,1, PAP87,7.1,0,NA,0
THS93,1993,1, PAP87,6.38,0,NA,0
THS96,1996,1, PAP87,8.64,10,NA,5
THU91,1991,1, UMB84,6.1,15,NA,7
THU94,1994,1, UMB84,7.02,12,NA,6
THU96,1996,1, UMB84,6.88,13,NA,6
TIC01,2001,2, CLO96,6.38,0,0,NA
TIC04,2004,1, CLO96,3.995,0,NA,0
TIC06,2006,1, CLO96,5.4,0,NA,0
TIG86,1986,2, OTA80,7.24,9,0,NA
TIG92,1992,2, OTA80,7.62,0,0,NA
TIK00,2000,2, HAL95,7.58,0,0,NA
TIK01,2001,1, HAL95,6.92,5,NA,2
TIK04,2004,1, HAL95,6.75,0,NA,0
TIN00,2000,1, THU91,6.025,16,NA,7
TIN06,2006,1, THU91,5.94,0,NA,0
TIN97,1997,2, THU91,5.32,1,0,NA
TIT81,1981,2, CLE75,7.14,0,0,NA
TIT84,1984,1, CLE75,5.17,15,NA,8
TLW91,1991,1, CAN87,6.48,1,NA,0
TLW93,1993,2, CAN87,7.725,0,0,NA
TNG92,1992,2, FAN88,5.78,0,0,NA
TNG94,1994,2, FAN88,8.06,10,13,NA
TNG99,1999,1, FAN88,6.42,15,NA,5
TNY88,1988,1, TIT84,7.9,0,NA,0
TNY90,1990,2, TIT84,7.55,0,0,NA
TNY91,1991,1, TIT84,6.66,1,NA,0
TNY94,1994,2, TIT84,8.125,13,48,NA
TNY98,1998,1, TIT84,8.04,0,NA,0
TOG90,1990,1, BCL84,5.565,0,NA,0
TOG91,1991,1, BCL84,6.02,0,NA,0
TOG92,1992,2, BCL84,5.425,0,0,NA
TOR80,1980,2, TRN69,6.74,0,0,NA
TOU87,1987,2, CAN82,6.12,6,0,NA
TRA80,1980,2, GRC76,5.22,0,0,NA
TRA81,1981,2, GRC76,6.98,0,0,NA
TRA83,1983,2, GRC76,4.94,14,1,NA
TRA84,1984,2, GRC76,5.32,1,0,NA
TRA87,1987,2, GRC76,4.42,0,0,NA
TRI98,1998,1, FEA94,5.08,0,NA,0
TRK87,1987,1, UPT82,9.48,20,NA,13
TRK88,1988,2, UPT82,7.7,0,0,NA
TRN80,1980,1, TRNRI,4.98,0,NA,0
TRT02,2002,2, OCH90,7.52,12,7,NA
TRT94,1994,2, OCH90,6.73,0,0,NA
TRT95,1995,2, OCH90,5.275,1,0,NA
TRT96,1996,1, OCH90,7.14,0,NA,0
TRT98,1998,1, OCH90,7.78,16,NA,9
TSL00,2000,2, THS96,5.12,1,0,NA
TSL02,2002,2, THS96,6.495,0,0,NA
TSL03,2003,1, THS96,7.06,0,NA,0
TSL04,2004,1, THS96,6.64,0,NA,0
TUR83,1983,1, MUS77,6.91,16,NA,10
TUR85,1985,1, MUS77,6.855,14,NA,7
TUR87,1987,1, MUS77,7.24,5,NA,1
TUR92,1992,2, MUS77,7.64,0,0,NA
TUS95,1995,2, JUG91,6.885,0,0,NA
TWA01,2001,2, ORC97,5.595,0,0,NA
TWE91,1991,1, SEP84,5.08,1,NA,0
TYS81,1981,1, TOR75,6.72,0,NA,0
TYS82,1982,1, TOR75,5.54,0,NA,0
TYS83,1983,2, TOR75,6.42,15,24,NA
TYS84,1984,1, TOR75,7.38,1,NA,0
TYS85,1985,2, TOR75,6.64,11,0,NA
TYS87,1987,2, TOR75,6.375,0,0,NA
TYS89,1989,2, TOR75,6.66,14,18,NA
UKL06,2006,1, FDL99,5.22,4,NA,1
UMB80,1980,1, MEL76,5.58,14,NA,8
UMB82,1982,2, MEL76,6.32,0,0,NA
UMB83,1983,2, MEL76,4.72,0,0,NA
UMB84,1984,1, MEL76,5.92,12,NA,3
UMB87,1987,2, MEL76,4.44,0,0,NA
UMB88,1988,1, MEL76,5.58,0,NA,0
UPT82,1982,1, UPTUR,6.04,7,NA,4
VEN95,1995,2, APH91,6.01,0,0,NA
VER80,1980,1, RGR71,7.91,1,NA,0
VER81,1981,2, RGR71,9.395,11,24,NA
VER82,1982,1, RGR71,6.025,0,NA,0
VER83,1983,1, RGR71,7.4,0,NA,0
VER84,1984,2, RGR71,7.36,11,6,NA
VIN88,1988,2, MUS84,6.98,13,5,NA
VIO89,1989,1, CLA85,4.66,17,NA,9
VIO90,1990,2, CLA85,7.095,0,0,NA
VIO92,1992,1, CLA85,7.12,0,NA,0
VIO94,1994,2, CLA85,7.62,0,0,NA
VIO95,1995,2, CLA85,7.08,0,0,NA
VIO96,1996,1, CLA85,7.28,12,NA,5
VIO97,1997,1, CLA85,7.925,14,NA,6
VIX80,1980,2, LTF73,3.92,0,0,NA
WAG01,2001,1, LPW91,5.94,0,NA,0
WAG03,2003,2, LPW91,6.81,1,0,NA
WAG04,2004,1, LPW91,7.51,0,NA,0
WAG96,1996,1, LPW91,5.98,15,NA,7
WAL00,2000,2, DIC95,5.725,1,0,NA
WAL01,2001,1, DIC95,5.92,0,NA,0
WAL03,2003,1, DIC95,5.98,13,NA,9
WAL04,2004,2, DIC95,7.295,0,0,NA
WAL05,2005,2, DIC95,6.74,0,0,NA
WAL99,1999,2, DIC95,5.73,0,0,NA
WAN83,1983,1, WAX80,6.02,4,NA,1
WAN91,1991,2, WAX80,5.44,1,0,NA
WAX80,1980,1, WHI76,5.92,11,NA,7
WAX82,1982,2, WHI76,7.075,0,0,NA
WAX84,1984,2, WHI76,6.86,0,0,NA
WEE81,1981,2, WHE77,5.44,0,0,NA
WEE87,1987,2, WHE77,7.32,1,0,NA
WEE89,1989,1, WHE77,7.11,0,NA,0
WHA82,1982,1, CUR78,7.32,0,NA,0
WHA83,1983,1, CUR78,5.055,11,NA,5
WHA84,1984,2, CUR78,7.375,2,0,NA
WHA86,1986,2, CUR78,7.52,0,0,NA
WHA87,1987,1, CUR78,6.66,13,NA,7
WHA89,1989,1, CUR78,7.865,13,NA,7
WHA91,1991,1, CUR78,6.82,1,NA,0
WHE83,1983,1, UPR74,6.02,0,NA,0
WHE84,1984,1, UPR74,5.54,11,NA,6
WHE86,1986,1, UPR74,4.94,1,NA,0
WHE88,1988,1, UPR74,3.78,0,NA,0
WHI82,1982,2, WHIGR,6.42,0,0,NA
WHO85,1985,1, MYR74,7.86,0,NA,0
WHO87,1987,1, MYR74,6.48,0,NA,0
WHS83,1983,1, BAR79,4.04,0,NA,0
WHS84,1984,1, BAR79,6.64,1,NA,0
WHS85,1985,2, BAR79,7.255,0,0,NA
WHS87,1987,1, BAR79,6.34,1,NA,0
WHS88,1988,1, BAR79,6.04,0,NA,0
WHS91,1991,2, BAR79,4.71,0,0,NA
WHZ02,2002,1, CGH94,7.38,12,NA,3
WHZ03,2003,1, CGH94,7.225,1,NA,0
WHZ98,1998,1, CGH94,6.36,0,NA,0
WID85,1985,1, MOW71,6.68,11,NA,2
WIG80,1980,2, TEA76,6.84,0,0,NA
WIG81,1981,2, TEA76,6.25,0,0,NA
WIG83,1983,2, TEA76,6.615,0,0,NA
WIG85,1985,2, TEA76,6.18,14,1,NA
WIG87,1987,2, TEA76,4.24,0,0,NA
WIG88,1988,2, TEA76,5.94,0,0,NA
WIL89,1989,1, FUL85,5.72,0,NA,0
WIL91,1991,2, FUL85,6.34,0,0,NA
WOD90,1990,2, CAP84,9.4,10,4,NA
WOD91,1991,2, CAP84,6.64,0,0,NA
WOD92,1992,1, CAP84,5.82,0,NA,0
WOD96,1996,2, CAP84,5.74,9,9,NA
WOD98,1998,2, CAP84,7.22,0,0,NA
WSD03,2003,1, MLR96,7.76,0,NA,0
YEW99,1999,1, HOL94,7.1,15,NA,6
YEY80,1980,1, YEEYE,6.88,6,NA,2
YOS00,2000,1, SEQ96,5.395,0,NA,0
YOS01,2001,1, SEQ96,6.32,13,NA,4
YOS03,2003,2, SEQ96,8.02,1,0,NA
YTA80,1980,2, YTAGG,6.62,0,0,NA
ZAN95,1995,2, ALD91,6.98,0,0,NA
ZAN98,1998,1, ALD91,7.08,2,NA,0
ZUC00,2000,1, CUC91,4.98,0,NA,0
ZUC01,2001,1, CUC91,5.68,15,NA,6
ZUC05,2005,1, CUC91,5.84,0,NA,0
ZUC06,2006,2, CUC91,5.62,0,0,NA
ZUC96,1996,2, CUC91,5.62,9,4,NA
ZUC98,1998,2, CUC91,7.68,10,10,NA
